/*
 Navicat Premium Data Transfer

 Source Server         : 连接1
 Source Server Type    : MySQL
 Source Server Version : 80403 (8.4.3)
 Source Host           : localhost:3306
 Source Schema         : bilu

 Target Server Type    : MySQL
 Target Server Version : 80403 (8.4.3)
 File Encoding         : 65001

 Date: 22/07/2025 19:34:33
*/

SET NAMES utf8mb4;
SET FOREIGN_KEY_CHECKS = 0;

-- ----------------------------
-- Table structure for admin_user
-- ----------------------------
DROP TABLE IF EXISTS `admin_user`;
CREATE TABLE `admin_user` (
  `id` bigint NOT NULL AUTO_INCREMENT,
  `username` varchar(50) NOT NULL COMMENT '用户名',
  `password` varchar(128) NOT NULL COMMENT '密码（加密存储）',
  `phone` varchar(20) DEFAULT NULL COMMENT '手机号码',
  `role` varchar(20) NOT NULL DEFAULT 'user' COMMENT '角色（admin/user）',
  `status` tinyint NOT NULL DEFAULT '1' COMMENT '状态（1-正常，0-禁用）',
  PRIMARY KEY (`id`),
  UNIQUE KEY `uk_username` (`username`)
) ENGINE=InnoDB AUTO_INCREMENT=2 DEFAULT CHARSET=utf8mb4 COLLATE=utf8mb4_0900_ai_ci COMMENT='管理员用户表';

-- ----------------------------
-- Records of admin_user
-- ----------------------------
BEGIN;
INSERT INTO `admin_user` (`id`, `username`, `password`, `phone`, `role`, `status`) VALUES (1, 'admin', 'e10adc3949ba59abbe56e057f20f883e', NULL, 'admin', 1);
COMMIT;

-- ----------------------------
-- Table structure for case
-- ----------------------------
DROP TABLE IF EXISTS `case`;
CREATE TABLE `case` (
  `id` bigint NOT NULL AUTO_INCREMENT,
  `case_name` varchar(255) NOT NULL COMMENT '案件名称',
  `case_number` varchar(50) NOT NULL COMMENT '案件编号',
  `case_type` varchar(50) NOT NULL COMMENT '案件类型',
  `start_date` date NOT NULL COMMENT '立案日期',
  `end_date` date DEFAULT NULL COMMENT '结案日期',
  `status` varchar(50) NOT NULL COMMENT '案件状态',
  `description` text COMMENT '案件描述',
  `created_at` datetime NOT NULL COMMENT '创建时间',
  PRIMARY KEY (`id`),
  UNIQUE KEY `uk_case_number` (`case_number`)
) ENGINE=InnoDB AUTO_INCREMENT=38 DEFAULT CHARSET=utf8mb4 COLLATE=utf8mb4_0900_ai_ci COMMENT='案件表';

-- ----------------------------
-- Records of case
-- ----------------------------
BEGIN;
INSERT INTO `case` (`id`, `case_name`, `case_number`, `case_type`, `start_date`, `end_date`, `status`, `description`, `created_at`) VALUES (1, '贪污受贿案', 'CASE-2023-001', '刑事案件', '2023-01-15', '2023-05-20', '已结案', '某国企高管涉嫌贪污受贿案', '2023-01-15 09:30:00');
INSERT INTO `case` (`id`, `case_name`, `case_number`, `case_type`, `start_date`, `end_date`, `status`, `description`, `created_at`) VALUES (2, '合同纠纷案', 'CASE-2023-002', '民事案件', '2023-02-10', NULL, '审理中', '两家企业因合同履行问题产生纠纷', '2023-02-10 14:20:00');
INSERT INTO `case` (`id`, `case_name`, `case_number`, `case_type`, `start_date`, `end_date`, `status`, `description`, `created_at`) VALUES (3, '行政许可案', 'CASE-2023-003', '行政案件', '2023-03-05', NULL, '调查中', '某公司不服行政机关的许可决定提起行政诉讼', '2023-03-05 10:15:00');
INSERT INTO `case` (`id`, `case_name`, `case_number`, `case_type`, `start_date`, `end_date`, `status`, `description`, `created_at`) VALUES (4, '知识产权侵权案', 'CASE-2023-004', '民事案件', '2023-04-12', '2023-07-30', '已结案', '涉及商标侵权的知识产权纠纷案件', '2023-04-12 11:45:00');
INSERT INTO `case` (`id`, `case_name`, `case_number`, `case_type`, `start_date`, `end_date`, `status`, `description`, `created_at`) VALUES (5, '环境污染案', 'CASE-2023-005', '刑事案件', '2023-05-18', NULL, '调查中', '某工厂涉嫌违法排放有毒物质污染环境', '2023-05-18 16:30:00');
INSERT INTO `case` (`id`, `case_name`, `case_number`, `case_type`, `start_date`, `end_date`, `status`, `description`, `created_at`) VALUES (6, '贪污受贿案-006', 'CASE-2025-001', '刑事案件', '2025-01-15', '2025-05-20', '已结案', '某国企高管涉嫌贪污受贿案', '2025-01-15 09:30:00');
INSERT INTO `case` (`id`, `case_name`, `case_number`, `case_type`, `start_date`, `end_date`, `status`, `description`, `created_at`) VALUES (7, '合同诈骗案-007', 'CASE-2025-002', '刑事案件', '2025-02-10', '2025-06-15', '已结案', '某公司通过虚假合同实施诈骗', '2025-02-10 10:00:00');
INSERT INTO `case` (`id`, `case_name`, `case_number`, `case_type`, `start_date`, `end_date`, `status`, `description`, `created_at`) VALUES (8, '环境污染案-008', 'CASE-2025-003', '行政案件', '2025-03-01', '2025-07-30', '调查中', '某工厂涉嫌非法排放工业废水', '2025-03-01 08:45:00');
INSERT INTO `case` (`id`, `case_name`, `case_number`, `case_type`, `start_date`, `end_date`, `status`, `description`, `created_at`) VALUES (9, '知识产权侵权案-009', 'CASE-2025-004', '民事案件', '2025-04-05', NULL, '审理中', '某企业未经授权使用他人商标', '2025-04-05 11:15:00');
INSERT INTO `case` (`id`, `case_name`, `case_number`, `case_type`, `start_date`, `end_date`, `status`, `description`, `created_at`) VALUES (10, '盗窃案-010', 'CASE-2025-005', '刑事案件', '2025-05-10', '2025-08-20', '已结案', '某住宅小区发生多起入室盗窃', '2025-05-10 09:00:00');
INSERT INTO `case` (`id`, `case_name`, `case_number`, `case_type`, `start_date`, `end_date`, `status`, `description`, `created_at`) VALUES (11, '商业秘密泄露案', 'CASE-2023-006', '民事案件', '2023-06-01', NULL, '审理中', '某科技公司指控前员工泄露商业机密', '2023-06-01 10:00:00');
INSERT INTO `case` (`id`, `case_name`, `case_number`, `case_type`, `start_date`, `end_date`, `status`, `description`, `created_at`) VALUES (12, '非法集资案', 'CASE-2023-007', '刑事案件', '2023-06-10', '2024-02-15', '已结案', '某金融公司涉嫌非法吸收公众存款', '2023-06-10 14:30:00');
INSERT INTO `case` (`id`, `case_name`, `case_number`, `case_type`, `start_date`, `end_date`, `status`, `description`, `created_at`) VALUES (13, '劳动争议案', 'CASE-2023-008', '民事案件', '2023-07-05', NULL, '审理中', '员工与公司因解雇问题产生争议', '2023-07-05 09:20:00');
INSERT INTO `case` (`id`, `case_name`, `case_number`, `case_type`, `start_date`, `end_date`, `status`, `description`, `created_at`) VALUES (14, '税务争议案', 'CASE-2023-009', '行政案件', '2023-08-12', NULL, '调查中', '企业对税务机关的处罚决定不服', '2023-08-12 11:15:00');
INSERT INTO `case` (`id`, `case_name`, `case_number`, `case_type`, `start_date`, `end_date`, `status`, `description`, `created_at`) VALUES (15, '交通肇事案', 'CASE-2023-010', '刑事案件', '2023-09-01', '2024-01-10', '已结案', '一起重大交通事故责任追究案件', '2023-09-01 16:45:00');
INSERT INTO `case` (`id`, `case_name`, `case_number`, `case_type`, `start_date`, `end_date`, `status`, `description`, `created_at`) VALUES (16, '著作权侵权案', 'CASE-2023-011', '民事案件', '2023-10-15', '2024-03-01', '已结案', '网络平台未经授权使用他人作品', '2023-10-15 10:30:00');
INSERT INTO `case` (`id`, `case_name`, `case_number`, `case_type`, `start_date`, `end_date`, `status`, `description`, `created_at`) VALUES (17, '行政处罚复议案', 'CASE-2023-012', '行政案件', '2023-11-05', NULL, '调查中', '对市场监管局的处罚提起复议', '2023-11-05 14:00:00');
INSERT INTO `case` (`id`, `case_name`, `case_number`, `case_type`, `start_date`, `end_date`, `status`, `description`, `created_at`) VALUES (18, '故意伤害案', 'CASE-2023-013', '刑事案件', '2023-12-10', NULL, '审理中', '邻里纠纷引发的故意伤害事件', '2023-12-10 09:15:00');
INSERT INTO `case` (`id`, `case_name`, `case_number`, `case_type`, `start_date`, `end_date`, `status`, `description`, `created_at`) VALUES (19, '房屋买卖纠纷案', 'CASE-2024-001', '民事案件', '2024-01-20', NULL, '审理中', '买卖双方因房屋交付问题产生争议', '2024-01-20 11:00:00');
INSERT INTO `case` (`id`, `case_name`, `case_number`, `case_type`, `start_date`, `end_date`, `status`, `description`, `created_at`) VALUES (20, '非法经营案', 'CASE-2024-002', '刑事案件', '2024-02-14', '2024-08-30', '已结案', '无证经营食品销售被依法查处', '2024-02-14 15:30:00');
INSERT INTO `case` (`id`, `case_name`, `case_number`, `case_type`, `start_date`, `end_date`, `status`, `description`, `created_at`) VALUES (21, '行政复议案', 'CASE-2024-003', '行政案件', '2024-03-01', NULL, '调查中', '因环保处罚提起行政复议', '2024-03-01 10:45:00');
INSERT INTO `case` (`id`, `case_name`, `case_number`, `case_type`, `start_date`, `end_date`, `status`, `description`, `created_at`) VALUES (22, '名誉权侵权案', 'CASE-2024-004', '民事案件', '2024-04-05', '2024-10-12', '已结案', '网络言论侵犯名誉权诉讼', '2024-04-05 13:20:00');
INSERT INTO `case` (`id`, `case_name`, `case_number`, `case_type`, `start_date`, `end_date`, `status`, `description`, `created_at`) VALUES (23, '危险驾驶案', 'CASE-2024-005', '刑事案件', '2024-05-10', NULL, '审理中', '酒驾造成交通事故被起诉', '2024-05-10 17:00:00');
INSERT INTO `case` (`id`, `case_name`, `case_number`, `case_type`, `start_date`, `end_date`, `status`, `description`, `created_at`) VALUES (24, '劳动合同纠纷案', 'CASE-2024-006', '民事案件', '2024-06-01', NULL, '审理中', '员工要求支付加班工资争议', '2024-06-01 09:50:00');
INSERT INTO `case` (`id`, `case_name`, `case_number`, `case_type`, `start_date`, `end_date`, `status`, `description`, `created_at`) VALUES (25, '行政许可复议案', 'CASE-2024-007', '行政案件', '2024-07-10', NULL, '调查中', '对政府不予许可的决定提起复议', '2024-07-10 14:15:00');
INSERT INTO `case` (`id`, `case_name`, `case_number`, `case_type`, `start_date`, `end_date`, `status`, `description`, `created_at`) VALUES (26, '诈骗案', 'CASE-2024-008', '刑事案件', '2024-08-05', '2025-01-20', '已结案', '虚构投资项目骗取资金被查处', '2024-08-05 16:00:00');
INSERT INTO `case` (`id`, `case_name`, `case_number`, `case_type`, `start_date`, `end_date`, `status`, `description`, `created_at`) VALUES (27, '物业服务纠纷案', 'CASE-2024-009', '民事案件', '2024-09-12', NULL, '审理中', '业主与物业公司因费用问题产生纠纷', '2024-09-12 10:25:00');
INSERT INTO `case` (`id`, `case_name`, `case_number`, `case_type`, `start_date`, `end_date`, `status`, `description`, `created_at`) VALUES (28, '环境污染行政处罚案', 'CASE-2024-010', '行政案件', '2024-10-01', '2025-03-15', '已结案', '工厂违法排污被行政处罚并提起诉讼', '2024-10-01 11:30:00');
INSERT INTO `case` (`id`, `case_name`, `case_number`, `case_type`, `start_date`, `end_date`, `status`, `description`, `created_at`) VALUES (29, '侵犯公民个人信息案', 'CASE-2024-011', '刑事案件', '2024-11-05', NULL, '调查中', '非法获取并出售用户信息被立案', '2024-11-05 15:40:00');
INSERT INTO `case` (`id`, `case_name`, `case_number`, `case_type`, `start_date`, `end_date`, `status`, `description`, `created_at`) VALUES (30, '股权纠纷案', 'CASE-2024-012', '民事案件', '2024-12-10', NULL, '审理中', '股东之间因股权归属产生争议', '2024-12-10 09:40:00');
INSERT INTO `case` (`id`, `case_name`, `case_number`, `case_type`, `start_date`, `end_date`, `status`, `description`, `created_at`) VALUES (31, 'test案件1', 'CASE-20250721-59ABB2C2', '刑事案件', '2025-07-21', NULL, '调查中', '测试案件', '2025-07-21 19:28:58');
INSERT INTO `case` (`id`, `case_name`, `case_number`, `case_type`, `start_date`, `end_date`, `status`, `description`, `created_at`) VALUES (36, '测试笔录1', 'CASE-20250721-4F311033', '刑事案件', '2025-07-21', NULL, '调查中', '阿萨德方便撒娇', '2025-07-21 23:35:29');
INSERT INTO `case` (`id`, `case_name`, `case_number`, `case_type`, `start_date`, `end_date`, `status`, `description`, `created_at`) VALUES (37, 'salads', 'CASE-20250721-4605A74A', '刑事案件', '2025-07-21', '2025-07-21', '审理中', '的擦掉', '2025-07-21 23:35:40');
COMMIT;

-- ----------------------------
-- Table structure for case_record
-- ----------------------------
DROP TABLE IF EXISTS `case_record`;
CREATE TABLE `case_record` (
  `id` bigint NOT NULL AUTO_INCREMENT,
  `record_name` varchar(255) NOT NULL COMMENT '笔录名称',
  `inquiry_time` datetime NOT NULL COMMENT '询问时间',
  `inquiry_address` varchar(255) NOT NULL COMMENT '询问地点',
  `inquirer_name` varchar(255) NOT NULL COMMENT '询问人',
  `assistant_name` varchar(255) NOT NULL COMMENT '记录人',
  `inquiry_id` varchar(255) NOT NULL COMMENT '询问人ID',
  `text_content` text NOT NULL COMMENT '笔录内容',
  `content_hash` varchar(32) DEFAULT NULL COMMENT '内容哈希值',
  `video_file_path` varchar(500) DEFAULT NULL COMMENT '关联视频文件路径',
  `created_at` datetime NOT NULL COMMENT '创建时间',
  `case_id` bigint DEFAULT NULL COMMENT '所属案件ID',
  PRIMARY KEY (`id`),
  KEY `idx_case_id` (`case_id`),
  CONSTRAINT `fk_case_record_case` FOREIGN KEY (`case_id`) REFERENCES `case` (`id`) ON DELETE SET NULL
) ENGINE=InnoDB AUTO_INCREMENT=164 DEFAULT CHARSET=utf8mb4 COLLATE=utf8mb4_0900_ai_ci COMMENT='笔录记录表';

-- ----------------------------
-- Records of case_record
-- ----------------------------
BEGIN;
INSERT INTO `case_record` (`id`, `record_name`, `inquiry_time`, `inquiry_address`, `inquirer_name`, `assistant_name`, `inquiry_id`, `text_content`, `content_hash`, `video_file_path`, `created_at`, `case_id`) VALUES (1, '首次询问笔录', '2023-01-16 10:00:00', '北京市公安局海淀分局审讯室', '李警官', '王书记', 'POLICE-001', '问：请问你是何时接触到该项目的？\n答：我是在2022年3月份通过张总接触到该项目的。\n问：项目中你主要负责什么工作？\n答：我主要负责项目资金的划拨和使用监管。', 'd2e5580067e65253bded1df07ab164a9', '/videos/record_001_20230116.mp4', '2023-01-16 12:30:00', 1);
INSERT INTO `case_record` (`id`, `record_name`, `inquiry_time`, `inquiry_address`, `inquirer_name`, `assistant_name`, `inquiry_id`, `text_content`, `content_hash`, `video_file_path`, `created_at`, `case_id`) VALUES (2, '关键证人询问笔录', '2023-02-15 14:30:00', '北京市第二中级人民法院询问室', '赵法官', '钱书记', 'JUDGE-002', '问：请描述您见到合同签署的全过程。\n答：2022年12月5日上午，我在公司会议室见证了双方代表在合同上签字，当时在场的有...\n问：签署过程中是否有人表示异议？\n答：没有，双方代表都确认了合同条款后才签字的。', 'b2c3d4e5f6g7h8i9j0k1', '/videos/record_002_20230215.mp4', '2023-02-15 16:45:00', 2);
INSERT INTO `case_record` (`id`, `record_name`, `inquiry_time`, `inquiry_address`, `inquirer_name`, `assistant_name`, `inquiry_id`, `text_content`, `content_hash`, `video_file_path`, `created_at`, `case_id`) VALUES (3, '现场勘验笔录', '2023-03-10 09:15:00', '北京市朝阳区某办公楼', '孙调查员', '周记录员', 'INVEST-003', '现场勘验情况如下：办公室大门完好，无强制进入痕迹。室内文件柜打开，多份文件散落在地。电脑主机被带走，现场遗留有...\n问：您最后一次离开办公室是什么时间？\n答：昨天下午6点左右，我确认锁好了门窗。', 'c3d4e5f6g7h8i9j0k1l2', '/videos/record_003_20230310.mp4', '2023-03-10 11:20:00', 3);
INSERT INTO `case_record` (`id`, `record_name`, `inquiry_time`, `inquiry_address`, `inquirer_name`, `assistant_name`, `inquiry_id`, `text_content`, `content_hash`, `video_file_path`, `created_at`, `case_id`) VALUES (4, '嫌疑人讯问笔录', '2023-04-20 15:00:00', '北京市公安局朝阳分局审讯室', '吴警官', '郑书记', 'POLICE-004', '问：请交代你侵犯他人知识产权的经过。\n答：我公司在2022年10月开始使用该logo，当时不知道已被他人注册为商标...\n问：在收到律师函后你们采取了什么措施？\n答：我们立即停止了使用，并联系对方希望协商解决。', 'd4e5f6g7h8i9j0k1l2m3', '/videos/record_004_20230420.mp4', '2023-04-20 17:30:00', 4);
INSERT INTO `case_record` (`id`, `record_name`, `inquiry_time`, `inquiry_address`, `inquirer_name`, `assistant_name`, `inquiry_id`, `text_content`, `content_hash`, `video_file_path`, `created_at`, `case_id`) VALUES (5, '工厂负责人询问笔录', '2023-05-20 11:00:00', '环保局调查室', '冯调查员', '陈记录员', 'ENV-005', '问：贵公司的废水处理设施是何时建成的？\n答：2020年建成投入使用的。\n问：请说明5月10日晚间排污管道故障的具体情况。\n答：当晚设备显示数值正常，但现在回想可能监测系统被人为调整过...', 'e5f6g7h8i9j0k1l2m3n4', '/videos/record_005_20230520.mp4', '2023-05-20 13:15:00', 5);
INSERT INTO `case_record` (`id`, `record_name`, `inquiry_time`, `inquiry_address`, `inquirer_name`, `assistant_name`, `inquiry_id`, `text_content`, `content_hash`, `video_file_path`, `created_at`, `case_id`) VALUES (6, '证人补充询问笔录', '2023-01-20 14:00:00', '北京市公安局海淀分局询问室', '李警官', '王书记', 'POLICE-001', '问：请详细描述您看到嫌疑人收受贿赂的过程。\n答：那天是2022年8月15日下午，我在办公室门口看到张总递给他一个棕色信封，他接过后立即放入抽屉并锁上了。\n问：当时还有其他人在场吗？\n答：没有其他人，只有他们两个人。', 'd9e4455dc2811b9fb46bf6f47288525e', '/videos/record_006_20230120.mp4', '2023-01-20 16:00:00', 1);
INSERT INTO `case_record` (`id`, `record_name`, `inquiry_time`, `inquiry_address`, `inquirer_name`, `assistant_name`, `inquiry_id`, `text_content`, `content_hash`, `video_file_path`, `created_at`, `case_id`) VALUES (7, '合同细节询问笔录', '2023-02-25 10:30:00', '北京市第二中级人民法院询问室', '赵法官', '钱书记', 'JUDGE-002', '问：合同第三条关于付款方式的约定是如何确定的？\n答：双方经过三轮谈判后确定的，原本甲方要求一次性付款，最后改为分三期...\n问：变更条款是谁提出的？\n答：是乙方提出的，理由是资金周转问题。', 'g7h8i9j0k1l2m3n4o5p6', '/videos/record_007_20230225.mp4', '2023-02-25 12:45:00', 2);
INSERT INTO `case_record` (`id`, `record_name`, `inquiry_time`, `inquiry_address`, `inquirer_name`, `assistant_name`, `inquiry_id`, `text_content`, `content_hash`, `video_file_path`, `created_at`, `case_id`) VALUES (86, '初次询问笔录', '2023-06-01 09:00:00', '北京市公安局西城分局审讯室', '张警官', '刘书记', 'POLICE-006', '问：请详细说明您是如何发现案件线索的？\n答：2023年5月20日，我在市场巡查时注意到一家店铺销售的商品与注册商标高度相似，随后展开了调查。\n问：您在现场发现了哪些具体证据？\n答：现场查获了200件涉嫌侵权的商品，包括包装盒、标签和产品本身，均与正品商标一致。\n问：店铺负责人是否承认侵权行为？\n答：负责人起初否认，但面对证据后承认部分商品是从非正规渠道购入的。\n问：您是否联系了商标权利人？\n答：是的，我们联系了权利人，他们提供了商标注册证明和授权文件。', 'h8i9j0k1l2m3n4o5p6q7', '/videos/record_008_20230601.mp4', '2023-06-01 11:30:00', 6);
INSERT INTO `case_record` (`id`, `record_name`, `inquiry_time`, `inquiry_address`, `inquirer_name`, `assistant_name`, `inquiry_id`, `text_content`, `content_hash`, `video_file_path`, `created_at`, `case_id`) VALUES (87, '证人询问笔录', '2023-06-05 14:00:00', '北京市第一中级人民法院询问室', '王法官', '赵书记', 'JUDGE-003', '问：请您详细描述合同签署当天的情况。\n答：2023年4月10日上午10点，双方在公司会议室签署了合同。我作为见证人在场，确认了合同内容的完整性。\n问：签署过程中是否有争议？\n答：甲方对付款条款提出过异议，要求增加一笔预付款，但乙方坚持分期支付，最终双方达成一致。\n问：您是否注意到其他异常情况？\n答：没有，签署过程顺利，所有条款都经过双方律师审阅。\n问：合同签署后是否立即生效？\n答：是的，合同上明确注明签署当日生效。', 'i9j0k1l2m3n4o5p6q7r8', '/videos/record_009_20230605.mp4', '2023-06-05 16:15:00', 7);
INSERT INTO `case_record` (`id`, `record_name`, `inquiry_time`, `inquiry_address`, `inquirer_name`, `assistant_name`, `inquiry_id`, `text_content`, `content_hash`, `video_file_path`, `created_at`, `case_id`) VALUES (88, '现场调查笔录', '2023-06-10 10:15:00', '北京市丰台区某工厂', '李调查员', '孙记录员', 'INVEST-004', '现场勘验情况如下：工厂排污管道出现泄漏，现场发现大量未经处理的工业废水流入附近河道。管道接口处有明显损坏痕迹，疑似人为破坏。\n问：您最后一次检查管道是什么时候？\n答：5月30日检查时一切正常，设备显示数据也符合标准。\n问：是否有外来人员进入过管道区域？\n答：据我所知没有，但监控录像显示5月31日晚有不明身份人员靠近该区域。\n问：您是否采取了应急措施？\n答：发现泄漏后，我们立即关闭了管道阀门，并通知了环保部门。', 'j0k1l2m3n4o5p6q7r8s9', '/videos/record_010_20230610.mp4', '2023-06-10 12:45:00', 8);
INSERT INTO `case_record` (`id`, `record_name`, `inquiry_time`, `inquiry_address`, `inquirer_name`, `assistant_name`, `inquiry_id`, `text_content`, `content_hash`, `video_file_path`, `created_at`, `case_id`) VALUES (89, '嫌疑人讯问笔录', '2023-06-15 15:30:00', '北京市公安局东城分局审讯室', '陈警官', '周书记', 'POLICE-007', '问：请交代您参与非法集资的经过。\n答：2022年11月，我通过朋友介绍加入了一个投资项目，承诺高额回报。我负责拉拢客户，收取他们的投资款。\n问：您是否知道这些资金的去向？\n答：我只知道资金被转入一个境外账户，具体用途不清楚。\n问：您拉拢了多少客户？\n答：大约50人，总金额超过200万元。\n问：您是否收到过回报？\n答：我拿到了5%的提成，大约10万元。', 'k1l2m3n4o5p6q7r8s9t0', '/videos/record_011_20230615.mp4', '2023-06-15 18:00:00', 9);
INSERT INTO `case_record` (`id`, `record_name`, `inquiry_time`, `inquiry_address`, `inquirer_name`, `assistant_name`, `inquiry_id`, `text_content`, `content_hash`, `video_file_path`, `created_at`, `case_id`) VALUES (90, '受害人询问笔录', '2023-06-20 11:00:00', '北京市公安局朝阳分局询问室', '赵警官', '钱书记', 'POLICE-008', '问：请说明您被诈骗的具体经过。\n答：2022年12月，我接到一个自称是投资顾问的电话，推荐了一个高回报项目。我先后投入了50万元，之后再也联系不上对方。\n问：您是否签署了任何合同？\n答：对方发了一份电子合同，我签字后通过银行转账支付了款项。\n问：您是否保留了相关证据？\n答：是的，我保存了转账记录、电子合同和聊天记录。\n问：您是否报警？\n答：我于2023年1月5日向当地派出所报案。', 'l2m3n4o5p6q7r8s9t0u1', '/videos/record_012_20230620.mp4', '2023-06-20 13:30:00', 10);
INSERT INTO `case_record` (`id`, `record_name`, `inquiry_time`, `inquiry_address`, `inquirer_name`, `assistant_name`, `inquiry_id`, `text_content`, `content_hash`, `video_file_path`, `created_at`, `case_id`) VALUES (91, '证人补充询问笔录', '2023-06-25 13:00:00', '北京市第二中级人民法院询问室', '王法官', '刘书记', 'JUDGE-004', '问：请补充说明您在案件现场的具体观察。\n答：2023年3月15日，我在现场看到两名嫌疑人将一箱文件搬出办公室，装上一辆黑色轿车。\n问：您是否记下了车牌号？\n答：是的，车牌号是京A12345。\n问：您是否听到他们的对话？\n答：我听到其中一人提到“尽快处理这些文件”，但具体内容听不清楚。\n问：您是否报警？\n答：我当即拨打了110，并向警方提供了照片证据。', 'm3n4o5p6q7r8s9t0u1v2', '/videos/record_013_20230625.mp4', '2023-06-25 15:15:00', 11);
INSERT INTO `case_record` (`id`, `record_name`, `inquiry_time`, `inquiry_address`, `inquirer_name`, `assistant_name`, `inquiry_id`, `text_content`, `content_hash`, `video_file_path`, `created_at`, `case_id`) VALUES (92, '现场勘验笔录', '2023-07-01 09:30:00', '北京市海淀区某科技公司', '孙调查员', '周记录员', 'INVEST-005', '现场勘验情况如下：公司服务器机房门锁被破坏，内部多台服务器硬盘被移除。监控显示7月1日凌晨2点有两名蒙面人员进入机房。\n问：您最后一次检查服务器是什么时候？\n答：6月30日晚上10点，服务器运行正常。\n问：是否有备份数据？\n答：是的，核心数据有异地备份，未受影响。\n问：您是否怀疑内部人员参与？\n答：目前没有证据，但我们正在排查近期离职员工。', 'n4o5p6q7r8s9t0u1v2w3', '/videos/record_014_20230701.mp4', '2023-07-01 12:00:00', 12);
INSERT INTO `case_record` (`id`, `record_name`, `inquiry_time`, `inquiry_address`, `inquirer_name`, `assistant_name`, `inquiry_id`, `text_content`, `content_hash`, `video_file_path`, `created_at`, `case_id`) VALUES (93, '嫌疑人讯问笔录', '2023-07-05 14:00:00', '北京市公安局丰台分局审讯室', '李警官', '王书记', 'POLICE-009', '问：请交代您盗窃公司财物的经过。\n答：2023年6月20日晚上，我趁夜班无人进入公司仓库，拿走了价值约10万元的电子产品。\n问：您是如何进入仓库的？\n答：我之前在公司工作，熟悉门禁密码。\n问：赃物现在何处？\n答：我将部分产品卖给了二手市场，剩余的藏在我租住的房子里。\n问：您是否还有同伙？\n答：没有，我是单独行动。', 'o5p6q7r8s9t0u1v2w3x4', '/videos/record_015_20230705.mp4', '2023-07-05 16:30:00', 13);
INSERT INTO `case_record` (`id`, `record_name`, `inquiry_time`, `inquiry_address`, `inquirer_name`, `assistant_name`, `inquiry_id`, `text_content`, `content_hash`, `video_file_path`, `created_at`, `case_id`) VALUES (94, '环保调查笔录', '2023-07-10 10:00:00', '北京市环保局调查室', '冯调查员', '陈记录员', 'ENV-006', '问：贵公司是否定期检查排污设备？\n答：我们每月进行一次全面检查，记录齐全。\n问：6月25日排污超标的原因是什么？\n答：当天设备出现故障，导致废水未经充分处理就排放了。\n问：您是否及时上报了故障？\n答：是的，我们在发现后立即向环保局提交了报告。\n问：是否采取了整改措施？\n答：我们更换了故障设备，并增加了实时监控系统。', 'p6q7r8s9t0u1v2w3x4y5', '/videos/record_016_20230710.mp4', '2023-07-10 12:15:00', 14);
INSERT INTO `case_record` (`id`, `record_name`, `inquiry_time`, `inquiry_address`, `inquirer_name`, `assistant_name`, `inquiry_id`, `text_content`, `content_hash`, `video_file_path`, `created_at`, `case_id`) VALUES (95, '证人询问笔录', '2023-07-15 15:00:00', '北京市公安局朝阳分局询问室', '赵警官', '钱书记', 'POLICE-010', '问：请描述您目击案件的具体情况。\n答：2023年6月10日晚8点，我在街头看到一名男子抢夺了一名女性的背包后逃跑。\n问：您是否看清了嫌疑人的面貌？\n答：他戴着口罩，但我注意到他穿着一件红色夹克，身高大约1.8米。\n问：您是否追赶了嫌疑人？\n答：我尝试追赶，但他在小巷子里消失了。\n问：您是否报警？\n答：是的，我立刻拨打了110，并向警方描述了嫌疑人的特征。', 'q7r8s9t0u1v2w3x4y5z6', '/videos/record_017_20230715.mp4', '2023-07-15 17:30:00', 15);
INSERT INTO `case_record` (`id`, `record_name`, `inquiry_time`, `inquiry_address`, `inquirer_name`, `assistant_name`, `inquiry_id`, `text_content`, `content_hash`, `video_file_path`, `created_at`, `case_id`) VALUES (96, '合同争议询问笔录', '2023-07-20 11:30:00', '北京市第一中级人民法院询问室', '王法官', '刘书记', 'JUDGE-005', '问：请说明合同违约的具体情况。\n答：2023年2月，乙方未能按时交付首批货物，导致我们损失了100万元的订单。\n问：您是否与乙方沟通了违约问题？\n答：是的，我们多次催促，但对方以生产困难为由推迟交付。\n问：合同中是否有违约条款？\n答：有，合同规定延迟交付需支付10%的违约金。\n问：您是否采取了法律行动？\n答：我们已经委托律师提起诉讼。', 'r8s9t0u1v2w3x4y5z6a7', '/videos/record_018_20230720.mp4', '2023-07-20 13:45:00', 16);
INSERT INTO `case_record` (`id`, `record_name`, `inquiry_time`, `inquiry_address`, `inquirer_name`, `assistant_name`, `inquiry_id`, `text_content`, `content_hash`, `video_file_path`, `created_at`, `case_id`) VALUES (97, '现场勘验笔录', '2023-07-25 09:00:00', '北京市东城区某商场', '孙调查员', '周记录员', 'INVEST-006', '现场勘验情况如下：商场二楼一家店铺发生火灾，起火点位于储物间，疑似电线短路引发。现场发现烧毁的货物和部分电器设备。\n问：您最后一次检查消防设备是什么时候？\n答：7月20日，所有消防设备都正常。\n问：火灾发生时是否有人员在场？\n答：储物间无人，店员在店面前台。\n问：您是否怀疑人为纵火？\n答：目前没有证据，但我们正在调取监控录像。', 's9t0u1v2w3x4y5z6a7b8', '/videos/record_019_20230725.mp4', '2023-07-25 11:30:00', 17);
INSERT INTO `case_record` (`id`, `record_name`, `inquiry_time`, `inquiry_address`, `inquirer_name`, `assistant_name`, `inquiry_id`, `text_content`, `content_hash`, `video_file_path`, `created_at`, `case_id`) VALUES (98, '嫌疑人讯问笔录', '2023-07-30 14:00:00', '北京市公安局海淀分局审讯室', '李警官', '王书记', 'POLICE-011', '问：请交代您伪造证件的经过。\n答：2023年5月，我通过网络联系了一名制假者，制作了10张假身份证用于开银行账户。\n问：您是否使用了这些证件？\n答：是的，我用其中两张开设了账户，收取了非法资金。\n问：您是否知道制假者的身份？\n答：我只知道他的网名，其他信息不清楚。\n问：您是否还有其他同伙？\n答：没有，我是单独操作。', 't0u1v2w3x4y5z6a7b8c9', '/videos/record_020_20230730.mp4', '2023-07-30 16:15:00', 18);
INSERT INTO `case_record` (`id`, `record_name`, `inquiry_time`, `inquiry_address`, `inquirer_name`, `assistant_name`, `inquiry_id`, `text_content`, `content_hash`, `video_file_path`, `created_at`, `case_id`) VALUES (99, '证人询问笔录', '2023-08-01 10:00:00', '北京市第二中级人民法院询问室', '赵法官', '钱书记', 'JUDGE-006', '问：请描述您在案件发生当天的情况。\n答：2023年6月15日，我在公司财务室看到被告私自打开保险柜，拿走了一叠文件。\n问：您是否阻止了被告的行为？\n答：我当场质问了他，他称是受上级指示处理文件。\n问：您是否核实了他的说法？\n答：我联系了上级，上级表示没有这样的指示。\n问：您是否报警？\n答：我向公司领导汇报后，由公司报警。', 'u1v2w3x4y5z6a7b8c9d0', '/videos/record_021_20230801.mp4', '2023-08-01 12:30:00', 19);
INSERT INTO `case_record` (`id`, `record_name`, `inquiry_time`, `inquiry_address`, `inquirer_name`, `assistant_name`, `inquiry_id`, `text_content`, `content_hash`, `video_file_path`, `created_at`, `case_id`) VALUES (100, '环保调查笔录', '2023-08-05 11:00:00', '北京市环保局调查室', '冯调查员', '陈记录员', 'ENV-007', '问：贵公司是否按规定处理危险废物？\n答：我们与有资质的处理公司签订了合同，所有危险废物都交由他们处理。\n问：7月10日发现的废物泄漏是怎么回事？\n答：当天运输车辆发生故障，导致部分废物泄漏，我们立即清理并上报。\n问：是否有人员受伤？\n答：没有，泄漏量较小，未造成人员伤害。\n问：您是否改进了运输流程？\n答：我们已经更换了运输公司，并加强了车辆检查。', 'v2w3x4y5z6a7b8c9d0e1', '/videos/record_022_20230805.mp4', '2023-08-05 13:15:00', 20);
INSERT INTO `case_record` (`id`, `record_name`, `inquiry_time`, `inquiry_address`, `inquirer_name`, `assistant_name`, `inquiry_id`, `text_content`, `content_hash`, `video_file_path`, `created_at`, `case_id`) VALUES (101, '嫌疑人讯问笔录', '2023-08-10 15:30:00', '北京市公安局西城分局审讯室', '张警官', '刘书记', 'POLICE-012', '问：请交代您参与电信诈骗的经过。\n答：2023年3月，我加入了一个诈骗团伙，负责拨打诈骗电话，冒充银行客服诱导受害人转账。\n问：您联系了多少受害人？\n答：大约200人，成功诈骗了30人，总金额约50万元。\n问：您是否知道团伙的其他成员？\n答：我只知道两名同伙的网名，其他信息不清楚。\n问：赃款现在何处？\n答：大部分被转入境外账户，我分得了5万元。', 'w3x4y5z6a7b8c9d0e1f2', '/videos/record_023_20230810.mp4', '2023-08-10 18:00:00', 21);
INSERT INTO `case_record` (`id`, `record_name`, `inquiry_time`, `inquiry_address`, `inquirer_name`, `assistant_name`, `inquiry_id`, `text_content`, `content_hash`, `video_file_path`, `created_at`, `case_id`) VALUES (102, '现场勘验笔录', '2023-08-15 09:00:00', '北京市朝阳区某住宅小区', '孙调查员', '周记录员', 'INVEST-007', '现场勘验情况如下：住宅楼6层一户发生入室盗窃，门锁被撬，室内贵重物品丢失，包括金饰和现金约5万元。\n问：您最后一次在家是什么时候？\n答：8月14日晚上10点，我确认门窗都锁好了。\n问：是否有监控录像？\n答：小区监控显示8月15日凌晨1点，一名蒙面男子进入楼道。\n问：您是否怀疑特定人员？\n答：没有线索，但我们正在配合警方调查。', 'x4y5z6a7b8c9d0e1f2g3', '/videos/record_024_20230815.mp4', '2023-08-15 11:30:00', 22);
INSERT INTO `case_record` (`id`, `record_name`, `inquiry_time`, `inquiry_address`, `inquirer_name`, `assistant_name`, `inquiry_id`, `text_content`, `content_hash`, `video_file_path`, `created_at`, `case_id`) VALUES (103, '证人询问笔录', '2023-08-20 14:00:00', '北京市公安局东城分局询问室', '陈警官', '周书记', 'POLICE-013', '问：请描述您目击抢劫案件的经过。\n答：2023年7月20日晚7点，我在路边看到一名男子抢夺了一名老人的钱包后逃跑。\n问：您是否看清了嫌疑人的特征？\n答：他穿黑色卫衣，身高约1.75米，戴着棒球帽。\n问：您是否尝试阻止？\n答：我喊了一声，但他跑得很快，消失在人群中。\n问：您是否报警？\n答：是的，我当场拨打了110，并向警方提供了视频证据。', 'y5z6a7b8c9d0e1f2g3h4', '/videos/record_025_20230820.mp4', '2023-08-20 16:15:00', 23);
INSERT INTO `case_record` (`id`, `record_name`, `inquiry_time`, `inquiry_address`, `inquirer_name`, `assistant_name`, `inquiry_id`, `text_content`, `content_hash`, `video_file_path`, `created_at`, `case_id`) VALUES (104, '合同争议询问笔录', '2023-08-25 10:30:00', '北京市第一中级人民法院询问室', '王法官', '刘书记', 'JUDGE-007', '问：请说明合同履行的具体问题。\n答：2023年5月，乙方未按时支付第二期款项，导致我们暂停了项目合作。\n问：您是否与乙方协商？\n答：我们多次沟通，但对方以资金紧张为由拒绝支付。\n问：合同中是否有相关违约条款？\n答：是的，合同规定逾期支付需支付每日0.1%的滞纳金。\n问：您是否提起诉讼？\n答：我们已经向法院提交了起诉状。', 'z6a7b8c9d0e1f2g3h4i5', '/videos/record_026_20230825.mp4', '2023-08-25 12:45:00', 24);
INSERT INTO `case_record` (`id`, `record_name`, `inquiry_time`, `inquiry_address`, `inquirer_name`, `assistant_name`, `inquiry_id`, `text_content`, `content_hash`, `video_file_path`, `created_at`, `case_id`) VALUES (105, '环保调查笔录', '2023-08-30 11:00:00', '北京市环保局调查室', '冯调查员', '陈记录员', 'ENV-008', '问：贵公司是否定期检测排放数据？\n答：我们每周检测一次，所有数据都报送环保部门。\n问：8月15日超标排放的原因是什么？\n答：当天过滤设备发生故障，我们未能及时发现。\n问：您是否采取了补救措施？\n答：我们立即停产整改，并更换了设备。\n问：是否有人员受影响？\n答：没有，超标排放量较小，未造成明显危害。', 'a7b8c9d0e1f2g3h4i5j6', '/videos/record_027_20230830.mp4', '2023-08-30 13:15:00', 25);
INSERT INTO `case_record` (`id`, `record_name`, `inquiry_time`, `inquiry_address`, `inquirer_name`, `assistant_name`, `inquiry_id`, `text_content`, `content_hash`, `video_file_path`, `created_at`, `case_id`) VALUES (106, '嫌疑人讯问笔录', '2023-09-01 15:00:00', '北京市公安局丰台分局审讯室', '李警官', '王书记', 'POLICE-014', '问：请交代您参与网络赌博的经过。\n答：2023年4月，我通过一个网站参与了线上赌博，累计投注约30万元。\n问：您是否知道该网站是否合法？\n答：我当时没想那么多，只知道可以通过银行卡充值。\n问：您是否盈利？\n答：我输了大约20万元，剩余的钱被平台扣留。\n问：您是否还有同伙？\n答：没有，我是单独参与。', 'b8c9d0e1f2g3h4i5j6k7', '/videos/record_028_20230901.mp4', '2023-09-01 17:30:00', 26);
INSERT INTO `case_record` (`id`, `record_name`, `inquiry_time`, `inquiry_address`, `inquirer_name`, `assistant_name`, `inquiry_id`, `text_content`, `content_hash`, `video_file_path`, `created_at`, `case_id`) VALUES (107, '证人询问笔录', '2023-09-05 10:00:00', '北京市第二中级人民法院询问室', '赵法官', '钱书记', 'JUDGE-008', '问：请描述您在案件发生当天的情况。\n答：2023年7月10日，我在公司看到被告私自修改了合同条款，试图瞒过财务审核。\n问：您是否记录了修改内容？\n答：是的，我拍下了修改后的合同副本。\n问：您是否与被告对质？\n答：我当场指出问题，他声称是笔误。\n问：您是否报警？\n答：我向公司领导汇报后，由公司报警。', 'c9d0e1f2g3h4i5j6k7l8', '/videos/record_029_20230905.mp4', '2023-09-05 12:15:00', 27);
INSERT INTO `case_record` (`id`, `record_name`, `inquiry_time`, `inquiry_address`, `inquirer_name`, `assistant_name`, `inquiry_id`, `text_content`, `content_hash`, `video_file_path`, `created_at`, `case_id`) VALUES (108, '现场勘验笔录', '2023-09-10 09:30:00', '北京市海淀区某写字楼', '孙调查员', '周记录员', 'INVEST-008', '现场勘验情况如下：写字楼10层一间办公室被盗，门锁被撬，丢失了笔记本电脑和现金约3万元。\n问：您最后一次离开办公室是什么时候？\n答：9月9日晚上8点，我确认锁好了门。\n问：是否有监控录像？\n答：楼道监控显示9月10日凌晨2点，一名男子进入办公室。\n问：您是否怀疑内部人员？\n答：我们正在排查近期访客记录。', 'd0e1f2g3h4i5j6k7l8m9', '/videos/record_030_20230910.mp4', '2023-09-10 11:45:00', 28);
INSERT INTO `case_record` (`id`, `record_name`, `inquiry_time`, `inquiry_address`, `inquirer_name`, `assistant_name`, `inquiry_id`, `text_content`, `content_hash`, `video_file_path`, `created_at`, `case_id`) VALUES (109, '嫌疑人讯问笔录', '2023-09-15 14:00:00', '北京市公安局朝阳分局审讯室', '陈警官', '周书记', 'POLICE-015', '问：请交代您销售假冒商品的经过。\n答：2023年6月，我从一名供应商处购入了一批假冒名牌手表，卖给了多家零售商。\n问：您是否知道这些商品是假冒的？\n答：我起初不清楚，但后来发现价格过低，怀疑是假货。\n问：您是否停止了销售？\n答：我卖掉了大部分存货，剩余的被警方查获。\n问：您是否还有同伙？\n答：只有供应商一人，我不知道他的真实身份。', 'e1f2g3h4i5j6k7l8m9n0', '/videos/record_031_20230915.mp4', '2023-09-15 16:30:00', 29);
INSERT INTO `case_record` (`id`, `record_name`, `inquiry_time`, `inquiry_address`, `inquirer_name`, `assistant_name`, `inquiry_id`, `text_content`, `content_hash`, `video_file_path`, `created_at`, `case_id`) VALUES (110, '环保调查笔录', '2023-09-20 11:00:00', '北京市环保局调查室', '冯调查员', '陈记录员', 'ENV-009', '问：贵公司是否按规定处理工业废气？\n答：我们安装了废气处理设备，所有排放数据都符合标准。\n问：9月10日废气超标的原因是什么？\n答：当天设备维护期间，部分废气未经处理排放。\n问：您是否及时上报？\n答：我们当即向环保部门提交了报告。\n问：是否采取了整改措施？\n答：我们延长了设备维护周期，并增加了备用设备。', 'f2g3h4i5j6k7l8m9n0o1', '/videos/record_032_20230920.mp4', '2023-09-20 13:15:00', 30);
INSERT INTO `case_record` (`id`, `record_name`, `inquiry_time`, `inquiry_address`, `inquirer_name`, `assistant_name`, `inquiry_id`, `text_content`, `content_hash`, `video_file_path`, `created_at`, `case_id`) VALUES (111, '初次询问笔录', '2023-09-25 09:00:00', '北京市公安局西城分局审讯室', '张警官', '刘书记', 'POLICE-016', '问：请说明您发现案件线索的经过。\n答：2023年8月15日，我在巡逻时发现一家店铺销售的商品涉嫌假冒注册商标，随后展开调查。\n问：您是否查获了相关证据？\n答：我们查获了100件假冒商品，包括包装和标签。\n问：店铺负责人是否承认违法行为？\n答：负责人声称不知情，但提供了供货商信息。\n问：您是否联系了权利人？\n答：是的，权利人提供了商标注册证明。', 'g3h4i5j6k7l8m9n0o1p2', '/videos/record_033_20230925.mp4', '2023-09-25 11:30:00', 6);
INSERT INTO `case_record` (`id`, `record_name`, `inquiry_time`, `inquiry_address`, `inquirer_name`, `assistant_name`, `inquiry_id`, `text_content`, `content_hash`, `video_file_path`, `created_at`, `case_id`) VALUES (112, '证人询问笔录', '2023-09-30 14:00:00', '北京市第一中级人民法院询问室', '王法官', '赵书记', 'JUDGE-009', '问：请描述您见证合同签署的情况。\n答：2023年7月20日，我在会议室见证了双方签署合同，确认了条款无误。\n问：是否有争议？\n答：乙方对价格条款提出异议，但经过协商达成一致。\n问：您是否注意到异常情况？\n答：没有，整个过程非常顺利。\n问：合同是否当场生效？\n答：是的，合同注明签署当天生效。', 'h4i5j6k7l8m9n0o1p2q3', '/videos/record_034_20230930.mp4', '2023-09-30 16:15:00', 7);
INSERT INTO `case_record` (`id`, `record_name`, `inquiry_time`, `inquiry_address`, `inquirer_name`, `assistant_name`, `inquiry_id`, `text_content`, `content_hash`, `video_file_path`, `created_at`, `case_id`) VALUES (113, '现场调查笔录', '2023-10-01 10:15:00', '北京市丰台区某工厂', '李调查员', '孙记录员', 'INVEST-009', '现场勘验情况如下：工厂一处储罐发生泄漏，现场发现化学物质污染土壤。储罐底部有裂缝，疑似老化导致。\n问：您最后一次检查储罐是什么时候？\n答：9月25日检查时未发现问题。\n问：是否有外来人员进入储罐区域？\n答：没有，区域有严格的门禁管理。\n问：您是否采取了应急措施？\n答：我们立即封锁区域并通知了环保部门。', 'i5j6k7l8m9n0o1p2q3r4', '/videos/record_035_20231001.mp4', '2023-10-01 12:45:00', 8);
INSERT INTO `case_record` (`id`, `record_name`, `inquiry_time`, `inquiry_address`, `inquirer_name`, `assistant_name`, `inquiry_id`, `text_content`, `content_hash`, `video_file_path`, `created_at`, `case_id`) VALUES (114, '嫌疑人讯问笔录', '2023-10-05 15:30:00', '北京市公安局东城分局审讯室', '陈警官', '周书记', 'POLICE-017', '问：请交代您参与洗钱的经过。\n答：2023年6月，我通过银行账户为他人转移了100万元资金，收取了2%的手续费。\n问：您是否知道资金来源？\n答：我被告知是合法资金，但没有核实。\n问：您是否还有其他账户？\n答：我使用了三个银行账户，都已提供给警方。\n问：您是否知道幕后主使？\n答：我只知道一个联系人的网名。', 'j6k7l8m9n0o1p2q3r4s5', '/videos/record_036_20231005.mp4', '2023-10-05 18:00:00', 9);
INSERT INTO `case_record` (`id`, `record_name`, `inquiry_time`, `inquiry_address`, `inquirer_name`, `assistant_name`, `inquiry_id`, `text_content`, `content_hash`, `video_file_path`, `created_at`, `case_id`) VALUES (115, '受害人询问笔录', '2023-10-10 11:00:00', '北京市公安局朝阳分局询问室', '赵警官', '钱书记', 'POLICE-018', '问：请说明您被诈骗的具体经过。\n答：2023年7月，我通过网络投资平台投入了30万元，之后平台关闭，无法联系。\n问：您是否签署了合同？\n答：我签署了一份电子合同，但对方未履行。\n问：您是否保留了证据？\n答：是的，我保存了转账记录和聊天记录。\n问：您是否报警？\n答：我于7月15日向警方报案。', 'k7l8m9n0o1p2q3r4s5t6', '/videos/record_037_20231010.mp4', '2023-10-10 13:30:00', 10);
INSERT INTO `case_record` (`id`, `record_name`, `inquiry_time`, `inquiry_address`, `inquirer_name`, `assistant_name`, `inquiry_id`, `text_content`, `content_hash`, `video_file_path`, `created_at`, `case_id`) VALUES (116, '证人补充询问笔录', '2023-10-15 13:00:00', '北京市第二中级人民法院询问室', '王法官', '刘书记', 'JUDGE-010', '问：请补充说明您在案件现场的观察。\n答：2023年8月20日，我看到嫌疑人将一袋文件装入车辆后离开。\n问：您是否记下了车牌号？\n答：是的，车牌号是京B67890。\n问：您是否听到对话？\n答：我听到嫌疑人提到“处理干净”，具体内容不清楚。\n问：您是否报警？\n答：我当即拨打了110。', 'l8m9n0o1p2q3r4s5t6u7', '/videos/record_038_20231015.mp4', '2023-10-15 15:15:00', 11);
INSERT INTO `case_record` (`id`, `record_name`, `inquiry_time`, `inquiry_address`, `inquirer_name`, `assistant_name`, `inquiry_id`, `text_content`, `content_hash`, `video_file_path`, `created_at`, `case_id`) VALUES (117, '现场勘验笔录', '2023-10-20 09:30:00', '北京市海淀区某科技公司', '孙调查员', '周记录员', 'INVEST-010', '现场勘验情况如下：公司机房被入侵，服务器数据被删除。门锁完好，疑似内部人员操作。\n问：您最后一次检查服务器是什么时候？\n答：10月19日晚上9点，一切正常。\n问：是否有备份数据？\n答：是的，数据有异地备份，未受影响。\n问：您是否怀疑特定人员？\n答：我们正在排查近期离职员工。', 'm9n0o1p2q3r4s5t6u7v8', '/videos/record_039_20231020.mp4', '2023-10-20 12:00:00', 12);
INSERT INTO `case_record` (`id`, `record_name`, `inquiry_time`, `inquiry_address`, `inquirer_name`, `assistant_name`, `inquiry_id`, `text_content`, `content_hash`, `video_file_path`, `created_at`, `case_id`) VALUES (118, '嫌疑人讯问笔录', '2023-10-25 14:00:00', '北京市公安局丰台分局审讯室', '李警官', '王书记', 'POLICE-019', '问：请交代您盗窃公司财物的经过。\n答：2023年9月15日，我趁夜班无人进入公司仓库，偷走了价值8万元的设备。\n问：您是如何进入仓库的？\n答：我使用了之前工作的门禁卡。\n问：赃物现在何处？\n答：我卖掉了部分设备，剩余的藏在家中。\n问：您是否还有同伙？\n答：没有，我单独行动。', 'n0o1p2q3r4s5t6u7v8w9', '/videos/record_040_20231025.mp4', '2023-10-25 16:30:00', 13);
INSERT INTO `case_record` (`id`, `record_name`, `inquiry_time`, `inquiry_address`, `inquirer_name`, `assistant_name`, `inquiry_id`, `text_content`, `content_hash`, `video_file_path`, `created_at`, `case_id`) VALUES (119, '环保调查笔录', '2023-10-30 10:00:00', '北京市环保局调查室', '冯调查员', '陈记录员', 'ENV-010', '问：贵公司是否定期检查废水处理设备？\n答：我们每月检查一次，所有记录齐全。\n问：10月20日废水超标的原因是什么？\n答：当天设备管道堵塞，导致处理不完全。\n问：您是否及时上报？\n答：我们当即向环保部门报告。\n问：是否采取了整改措施？\n答：我们清理了管道并增加了监控设备。', 'o1p2q3r4s5t6u7v8w9x0', '/videos/record_041_20231030.mp4', '2023-10-30 12:15:00', 14);
INSERT INTO `case_record` (`id`, `record_name`, `inquiry_time`, `inquiry_address`, `inquirer_name`, `assistant_name`, `inquiry_id`, `text_content`, `content_hash`, `video_file_path`, `created_at`, `case_id`) VALUES (120, '证人询问笔录', '2023-11-01 15:00:00', '北京市公安局朝阳分局询问室', '赵警官', '钱书记', 'POLICE-020', '问：请描述您目击案件的情况。\n答：2023年10月10日晚6点，我看到一名男子抢夺了一名女性的手机后逃跑。\n问：您是否看清了嫌疑人的特征？\n答：他穿蓝色外套，身高约1.8米，戴着黑色口罩。\n问：您是否追赶了嫌疑人？\n答：我尝试追赶，但他很快消失在街角。\n问：您是否报警？\n答：是的，我拨打了110并提供了照片证据。', 'p2q3r4s5t6u7v8w9x0y1', '/videos/record_042_20231101.mp4', '2023-11-01 17:30:00', 15);
INSERT INTO `case_record` (`id`, `record_name`, `inquiry_time`, `inquiry_address`, `inquirer_name`, `assistant_name`, `inquiry_id`, `text_content`, `content_hash`, `video_file_path`, `created_at`, `case_id`) VALUES (121, '合同争议询问笔录', '2023-11-05 11:30:00', '北京市第一中级人民法院询问室', '王法官', '刘书记', 'JUDGE-011', '问：请说明合同违约的具体情况。\n答：2023年8月，乙方未按时交付第二批货物，导致我们损失了50万元。\n问：您是否与乙方沟通？\n答：我们多次催促，但对方以物流问题为由推迟。\n问：合同中是否有违约条款？\n答：有，规定逾期交付需支付5%的违约金。\n问：您是否提起诉讼？\n答：我们已经向法院起诉。', 'q3r4s5t6u7v8w9x0y1z2', '/videos/record_043_20231105.mp4', '2023-11-05 13:45:00', 16);
INSERT INTO `case_record` (`id`, `record_name`, `inquiry_time`, `inquiry_address`, `inquirer_name`, `assistant_name`, `inquiry_id`, `text_content`, `content_hash`, `video_file_path`, `created_at`, `case_id`) VALUES (122, '现场勘验笔录', '2023-11-10 09:00:00', '北京市东城区某商场', '孙调查员', '周记录员', 'INVEST-011', '现场勘验情况如下：商场三楼一家店铺发生火灾，起火点位于仓库，疑似电器故障引发。现场发现烧毁的货物和设备。\n问：您最后一次检查消防设备是什么时候？\n答：11月5日，消防设备正常。\n问：火灾发生时是否有人员在场？\n答：仓库无人，店员在前台。\n问：您是否怀疑人为纵火？\n答：目前没有证据，正在调取监控。', 'r4s5t6u7v8w9x0y1z2a3', '/videos/record_044_20231110.mp4', '2023-11-10 11:30:00', 17);
INSERT INTO `case_record` (`id`, `record_name`, `inquiry_time`, `inquiry_address`, `inquirer_name`, `assistant_name`, `inquiry_id`, `text_content`, `content_hash`, `video_file_path`, `created_at`, `case_id`) VALUES (123, '嫌疑人讯问笔录', '2023-11-15 14:00:00', '北京市公安局海淀分局审讯室', '李警官', '王书记', 'POLICE-021', '问：请交代您伪造文件的经过。\n答：2023年8月，我伪造了一份公司财务报表，试图骗取银行贷款。\n问：您是否使用了这些文件？\n答：是的，我提交给了银行，但未获批。\n问：您是否知道后果？\n答：我知道违法，但当时急需资金。\n问：您是否还有同伙？\n答：没有，我单独操作。', 's5t6u7v8w9x0y1z2a3b4', '/videos/record_045_20231115.mp4', '2023-11-15 16:15:00', 18);
INSERT INTO `case_record` (`id`, `record_name`, `inquiry_time`, `inquiry_address`, `inquirer_name`, `assistant_name`, `inquiry_id`, `text_content`, `content_hash`, `video_file_path`, `created_at`, `case_id`) VALUES (124, '证人询问笔录', '2023-11-20 10:00:00', '北京市第二中级人民法院询问室', '赵法官', '钱书记', 'JUDGE-012', '问：请描述您在案件发生当天的情况。\n答：2023年9月10日，我看到被告私自打开公司保险柜，拿走了一叠现金。\n问：您是否阻止了被告？\n答：我当场质问，他称是受上级指示。\n问：您是否核实了说法？\n答：我联系了上级，上级否认有此指示。\n问：您是否报警？\n答：我向公司领导汇报后报警。', 't6u7v8w9x0y1z2a3b4c5', '/videos/record_046_20231120.mp4', '2023-11-20 12:30:00', 19);
INSERT INTO `case_record` (`id`, `record_name`, `inquiry_time`, `inquiry_address`, `inquirer_name`, `assistant_name`, `inquiry_id`, `text_content`, `content_hash`, `video_file_path`, `created_at`, `case_id`) VALUES (125, '环保调查笔录', '2023-11-25 11:00:00', '北京市环保局调查室', '冯调查员', '陈记录员', 'ENV-011', '问：贵公司是否定期处理危险废物？\n答：我们与专业公司合作，所有废物按规定处理。\n问：11月15日废物泄漏的原因是什么？\n答：运输车辆故障导致少量泄漏，我们立即清理。\n问：是否有人员受伤？\n答：没有，泄漏量小，未造成危害。\n问：您是否改进了流程？\n答：我们加强了车辆检查和监控。', 'u7v8w9x0y1z2a3b4c5d6', '/videos/record_047_20231125.mp4', '2023-11-25 13:15:00', 20);
INSERT INTO `case_record` (`id`, `record_name`, `inquiry_time`, `inquiry_address`, `inquirer_name`, `assistant_name`, `inquiry_id`, `text_content`, `content_hash`, `video_file_path`, `created_at`, `case_id`) VALUES (126, '嫌疑人讯问笔录', '2023-11-30 15:30:00', '北京市公安局西城分局审讯室', '张警官', '刘书记', 'POLICE-022', '问：请交代您参与诈骗的经过。\n答：2023年9月，我冒充投资顾问，诱导客户投资了100万元。\n问：您是否知道受害人身份？\n答：我只知道他们的联系方式，其他不清楚。\n问：赃款现在何处？\n答：大部分转入了境外账户，我分得了10万元。\n问：您是否还有同伙？\n答：有两名同伙，我只知道网名。', 'v8w9x0y1z2a3b4c5d6e7', '/videos/record_048_20231130.mp4', '2023-11-30 18:00:00', 21);
INSERT INTO `case_record` (`id`, `record_name`, `inquiry_time`, `inquiry_address`, `inquirer_name`, `assistant_name`, `inquiry_id`, `text_content`, `content_hash`, `video_file_path`, `created_at`, `case_id`) VALUES (127, '现场勘验笔录', '2023-12-01 09:00:00', '北京市朝阳区某住宅小区', '孙调查员', '周记录员', 'INVEST-012', '现场勘验情况如下：住宅楼4层一户被盗，门锁被撬，丢失了珠宝和现金约4万元。\n问：您最后一次在家是什么时候？\n答：11月30日晚上9点，我确认锁好了门。\n问：是否有监控录像？\n答：小区监控显示12月1日凌晨1点，一名蒙面男子进入楼道。\n问：您是否怀疑特定人员？\n答：没有线索，正在配合警方调查。', 'w9x0y1z2a3b4c5d6e7f8', '/videos/record_049_20231201.mp4', '2023-12-01 11:30:00', 22);
INSERT INTO `case_record` (`id`, `record_name`, `inquiry_time`, `inquiry_address`, `inquirer_name`, `assistant_name`, `inquiry_id`, `text_content`, `content_hash`, `video_file_path`, `created_at`, `case_id`) VALUES (128, '证人询问笔录', '2023-12-05 14:00:00', '北京市公安局东城分局询问室', '陈警官', '周书记', 'POLICE-023', '问：请描述您目击抢劫案件的经过。\n答：2023年11月10日晚8点，我看到一名男子抢夺了一名女性的背包后逃跑。\n问：您是否看清了嫌疑人的特征？\n答：他穿黑色夹克，身高约1.8米，戴着口罩。\n问：您是否追赶了嫌疑人？\n答：我尝试追赶，但他很快消失了。\n问：您是否报警？\n答：是的，我拨打了110并提供了视频证据。', 'x0y1z2a3b4c5d6e7f8g9', '/videos/record_050_20231205.mp4', '2023-12-05 16:15:00', 23);
INSERT INTO `case_record` (`id`, `record_name`, `inquiry_time`, `inquiry_address`, `inquirer_name`, `assistant_name`, `inquiry_id`, `text_content`, `content_hash`, `video_file_path`, `created_at`, `case_id`) VALUES (129, '合同争议询问笔录', '2023-12-10 10:30:00', '北京市第一中级人民法院询问室', '王法官', '刘书记', 'JUDGE-013', '问：请说明合同违约的具体情况。\n答：2023年10月，乙方未按时支付第三期款项，导致项目暂停。\n问：您是否与乙方沟通？\n答：我们多次催促，但对方以资金问题为由拒绝支付。\n问：合同中是否有违约条款？\n答：有，规定逾期支付需支付每日0.2%的滞纳金。\n问：您是否提起诉讼？\n答：我们已向法院提起诉讼。', 'y1z2a3b4c5d6e7f8g9h0', '/videos/record_051_20231210.mp4', '2023-12-10 12:45:00', 24);
INSERT INTO `case_record` (`id`, `record_name`, `inquiry_time`, `inquiry_address`, `inquirer_name`, `assistant_name`, `inquiry_id`, `text_content`, `content_hash`, `video_file_path`, `created_at`, `case_id`) VALUES (130, '环保调查笔录', '2023-12-15 11:00:00', '北京市环保局调查室', '冯调查员', '陈记录员', 'ENV-012', '问：贵公司是否定期检测废气排放？\n答：我们每周检测一次，数据报送环保部门。\n问：12月5日废气超标的原因是什么？\n答：当天设备维护导致部分废气未经处理排放。\n问：您是否及时上报？\n答：我们当即提交了报告。\n问：是否采取了整改措施？\n答：我们增加了备用设备并延长了维护周期。', 'z2a3b4c5d6e7f8g9h0i1', '/videos/record_052_20231215.mp4', '2023-12-15 13:15:00', 25);
INSERT INTO `case_record` (`id`, `record_name`, `inquiry_time`, `inquiry_address`, `inquirer_name`, `assistant_name`, `inquiry_id`, `text_content`, `content_hash`, `video_file_path`, `created_at`, `case_id`) VALUES (131, '嫌疑人讯问笔录', '2023-12-20 15:00:00', '北京市公安局丰台分局审讯室', '李警官', '王书记', 'POLICE-024', '问：请交代您参与网络赌博的经过。\n答：2023年10月，我通过一个网站参与了赌博，累计投注约20万元。\n问：您是否知道网站是否合法？\n答：我没核实，只知道可以通过银行卡充值。\n问：您是否盈利？\n答：我输了15万元，剩余的被平台扣留。\n问：您是否还有同伙？\n答：没有，我单独参与。', 'a3b4c5d6e7f8g9h0i1j2', '/videos/record_053_20231220.mp4', '2023-12-20 17:30:00', 26);
INSERT INTO `case_record` (`id`, `record_name`, `inquiry_time`, `inquiry_address`, `inquirer_name`, `assistant_name`, `inquiry_id`, `text_content`, `content_hash`, `video_file_path`, `created_at`, `case_id`) VALUES (132, '证人询问笔录', '2023-12-25 10:00:00', '北京市第二中级人民法院询问室', '赵法官', '钱书记', 'JUDGE-014', '问：请描述您在案件发生当天的情况。\n答：2023年11月15日，我看到被告私自修改了合同条款，试图瞒过审核。\n问：您是否记录了修改内容？\n答：是的，我保存了修改后的合同副本。\n问：您是否与被告对质？\n答：我当场指出问题，他称是笔误。\n问：您是否报警？\n答：我向公司领导汇报后报警。', 'b4c5d6e7f8g9h0i1j2k3', '/videos/record_054_20231225.mp4', '2023-12-25 12:15:00', 27);
INSERT INTO `case_record` (`id`, `record_name`, `inquiry_time`, `inquiry_address`, `inquirer_name`, `assistant_name`, `inquiry_id`, `text_content`, `content_hash`, `video_file_path`, `created_at`, `case_id`) VALUES (133, '现场勘验笔录', '2023-12-30 09:30:00', '北京市海淀区某写字楼', '孙调查员', '周记录员', 'INVEST-013', '现场勘验情况如下：写字楼8层一间办公室被盗，门锁被撬，丢失了电脑和现金约2万元。\n问：您最后一次离开办公室是什么时候？\n答：12月29日晚上7点，我确认锁好了门。\n问：是否有监控录像？\n答：监控显示12月30日凌晨1点，一名男子进入办公室。\n问：您是否怀疑内部人员？\n答：我们正在排查访客记录。', 'c5d6e7f8g9h0i1j2k3l4', '/videos/record_055_20231230.mp4', '2023-12-30 11:45:00', 28);
INSERT INTO `case_record` (`id`, `record_name`, `inquiry_time`, `inquiry_address`, `inquirer_name`, `assistant_name`, `inquiry_id`, `text_content`, `content_hash`, `video_file_path`, `created_at`, `case_id`) VALUES (134, '嫌疑人讯问笔录', '2024-01-01 14:00:00', '北京市公安局朝阳分局审讯室', '陈警官', '周书记', 'POLICE-025', '问：请交代您销售假冒商品的经过。\n答：2023年11月，我从一名供应商购入了一批假冒名牌包，卖给了零售商。\n问：您是否知道商品是假冒的？\n答：我怀疑过，但价格低就继续销售。\n问：您是否停止了销售？\n答：我卖掉了大部分，剩余的被查获。\n问：您是否还有同伙？\n答：只有供应商一人，我不知道他的身份。', 'd6e7f8g9h0i1j2k3l4m5', '/videos/record_056_20240101.mp4', '2024-01-01 16:30:00', 29);
INSERT INTO `case_record` (`id`, `record_name`, `inquiry_time`, `inquiry_address`, `inquirer_name`, `assistant_name`, `inquiry_id`, `text_content`, `content_hash`, `video_file_path`, `created_at`, `case_id`) VALUES (135, '环保调查笔录', '2024-01-05 11:00:00', '北京市环保局调查室', '冯调查员', '陈记录员', 'ENV-013', '问：贵公司是否按规定处理工业废物？\n答：我们与有资质的公司合作，所有废物按规定处理。\n问：12月25日废物泄漏的原因是什么？\n答：运输车辆故障导致少量泄漏，我们立即清理。\n问：是否有人员受伤？\n答：没有，泄漏量小，未造成危害。\n问：您是否改进了流程？\n答：我们加强了车辆检查和监控。', 'e7f8g9h0i1j2k3l4m5n6', '/videos/record_057_20240105.mp4', '2024-01-05 13:15:00', 30);
INSERT INTO `case_record` (`id`, `record_name`, `inquiry_time`, `inquiry_address`, `inquirer_name`, `assistant_name`, `inquiry_id`, `text_content`, `content_hash`, `video_file_path`, `created_at`, `case_id`) VALUES (136, '初次询问笔录', '2024-01-10 09:00:00', '北京市公安局西城分局审讯室', '张警官', '刘书记', 'POLICE-026', '问：请说明您发现案件线索的经过。\n答：2023年12月20日，我在巡逻时发现一家店铺销售假冒商品，随后展开调查。\n问：您是否查获了证据？\n答：我们查获了50件假冒商品，包括包装和标签。\n问：负责人是否承认违法？\n答：负责人声称不知情，但提供了供货商信息。\n问：您是否联系了权利人？\n答：是的，权利人提供了商标证明。', 'f8g9h0i1j2k3l4m5n6o7', '/videos/record_058_20240110.mp4', '2024-01-10 11:30:00', 6);
INSERT INTO `case_record` (`id`, `record_name`, `inquiry_time`, `inquiry_address`, `inquirer_name`, `assistant_name`, `inquiry_id`, `text_content`, `content_hash`, `video_file_path`, `created_at`, `case_id`) VALUES (137, '证人询问笔录', '2024-01-15 14:00:00', '北京市第一中级人民法院询问室', '王法官', '赵书记', 'JUDGE-015', '问：请描述您见证合同签署的情况。\n答：2023年12月10日，我在会议室见证了双方签署合同，确认条款无误。\n问：是否有争议？\n答：甲方对付款期限提出异议，但最终协商一致。\n问：您是否注意到异常？\n答：没有，过程顺利。\n问：合同是否当场生效？\n答：是的，合同注明当天生效。', 'g9h0i1j2k3l4m5n6o7p8', '/videos/record_059_20240115.mp4', '2024-01-15 16:15:00', 7);
INSERT INTO `case_record` (`id`, `record_name`, `inquiry_time`, `inquiry_address`, `inquirer_name`, `assistant_name`, `inquiry_id`, `text_content`, `content_hash`, `video_file_path`, `created_at`, `case_id`) VALUES (138, '现场调查笔录', '2024-01-20 10:15:00', '北京市丰台区某工厂', '李调查员', '孙记录员', 'INVEST-014', '现场勘验情况如下：工厂一处管道泄漏，现场发现废水污染土壤。管道老化导致裂缝。\n问：您最后一次检查管道是什么时候？\n答：1月15日检查时未发现问题。\n问：是否有外来人员进入？\n答：没有，区域有门禁管理。\n问：您是否采取了应急措施？\n答：我们立即封锁区域并通知环保部门。', 'h0i1j2k3l4m5n6o7p8q9', '/videos/record_060_20240120.mp4', '2024-01-20 12:45:00', 8);
INSERT INTO `case_record` (`id`, `record_name`, `inquiry_time`, `inquiry_address`, `inquirer_name`, `assistant_name`, `inquiry_id`, `text_content`, `content_hash`, `video_file_path`, `created_at`, `case_id`) VALUES (139, '嫌疑人讯问笔录', '2024-01-25 15:30:00', '北京市公安局东城分局审讯室', '陈警官', '周书记', 'POLICE-027', '问：请交代您参与洗钱的经过。\n答：2023年11月，我通过账户为他人转移了50万元，收取了1%的手续费。\n问：您是否知道资金来源？\n答：我被告知是合法资金，未核实。\n问：您是否还有其他账户？\n答：我用了两个账户，都已提供给警方。\n问：您是否知道幕后主使？\n答：我只知道一个网名。', 'i1j2k3l4m5n6o7p8q9r0', '/videos/record_061_20240125.mp4', '2024-01-25 18:00:00', 9);
INSERT INTO `case_record` (`id`, `record_name`, `inquiry_time`, `inquiry_address`, `inquirer_name`, `assistant_name`, `inquiry_id`, `text_content`, `content_hash`, `video_file_path`, `created_at`, `case_id`) VALUES (140, '受害人询问笔录', '2024-01-30 11:00:00', '北京市公安局朝阳分局询问室', '赵警官', '钱书记', 'POLICE-028', '问：请说明您被诈骗的经过。\n答：2023年12月，我通过网络平台投资了20万元，之后平台关闭。\n问：您是否签署了合同？\n答：我签了电子合同，但对方未履行。\n问：您是否保留了证据？\n答：是的，我保存了转账记录和聊天记录。\n问：您是否报警？\n答：我于12月15日报案。', 'j2k3l4m5n6o7p8q9r0s1', '/videos/record_062_20240130.mp4', '2024-01-30 13:30:00', 10);
INSERT INTO `case_record` (`id`, `record_name`, `inquiry_time`, `inquiry_address`, `inquirer_name`, `assistant_name`, `inquiry_id`, `text_content`, `content_hash`, `video_file_path`, `created_at`, `case_id`) VALUES (141, '证人补充询问笔录', '2024-02-01 13:00:00', '北京市第二中级人民法院询问室', '王法官', '刘书记', 'JUDGE-016', '问：请补充说明您在案件现场的观察。\n答：2023年12月20日，我看到嫌疑人将一箱文件装入车辆后离开。\n问：您是否记下了车牌号？\n答：是的，车牌号是京C45678。\n问：您是否听到对话？\n答：我听到嫌疑人提到“尽快销毁”，具体内容不清楚。\n问：您是否报警？\n答：我当即拨打了110。', 'k3l4m5n6o7p8q9r0s1t2', '/videos/record_063_20240201.mp4', '2024-02-01 15:15:00', 11);
INSERT INTO `case_record` (`id`, `record_name`, `inquiry_time`, `inquiry_address`, `inquirer_name`, `assistant_name`, `inquiry_id`, `text_content`, `content_hash`, `video_file_path`, `created_at`, `case_id`) VALUES (142, '现场勘验笔录', '2024-02-05 09:30:00', '北京市海淀区某科技公司', '孙调查员', '周记录员', 'INVEST-015', '现场勘验情况如下：公司机房被入侵，服务器数据被篡改。门锁完好，疑似内部人员操作。\n问：您最后一次检查服务器是什么时候？\n答：2月4日晚上8点，一切正常。\n问：是否有备份数据？\n答：是的，数据有备份，未受影响。\n问：您是否怀疑特定人员？\n答：我们正在排查员工记录。', 'l4m5n6o7p8q9r0s1t2u3', '/videos/record_064_20240205.mp4', '2024-02-05 12:00:00', 12);
INSERT INTO `case_record` (`id`, `record_name`, `inquiry_time`, `inquiry_address`, `inquirer_name`, `assistant_name`, `inquiry_id`, `text_content`, `content_hash`, `video_file_path`, `created_at`, `case_id`) VALUES (143, '嫌疑人讯问笔录', '2024-02-10 14:00:00', '北京市公安局丰台分局审讯室', '李警官', '王书记', 'POLICE-029', '问：请交代您盗窃公司财物的经过。\n答：2024年1月10日，我趁夜班无人偷走了价值5万元的设备。\n问：您是如何进入的？\n答：我使用了旧的门禁卡。\n问：赃物现在何处？\n答：我卖掉了部分设备，剩余的藏在家中。\n问：您是否还有同伙？\n答：没有，我单独行动。', 'm5n6o7p8q9r0s1t2u3v4', '/videos/record_065_20240210.mp4', '2024-02-10 16:30:00', 13);
INSERT INTO `case_record` (`id`, `record_name`, `inquiry_time`, `inquiry_address`, `inquirer_name`, `assistant_name`, `inquiry_id`, `text_content`, `content_hash`, `video_file_path`, `created_at`, `case_id`) VALUES (144, '环保调查笔录', '2024-02-15 10:00:00', '北京市环保局调查室', '冯调查员', '陈记录员', 'ENV-014', '问：贵公司是否定期检查废水设备？\n答：我们每月检查，记录齐全。\n问：2月5日废水超标的原因是什么？\n答：当天管道堵塞，处理不完全。\n问：您是否及时上报？\n答：我们当即报告环保部门。\n问：是否采取了整改措施？\n答：我们清理了管道并增加了监控。', 'n6o7p8q9r0s1t2u3v4w5', '/videos/record_066_20240215.mp4', '2024-02-15 12:15:00', 14);
INSERT INTO `case_record` (`id`, `record_name`, `inquiry_time`, `inquiry_address`, `inquirer_name`, `assistant_name`, `inquiry_id`, `text_content`, `content_hash`, `video_file_path`, `created_at`, `case_id`) VALUES (145, '证人询问笔录', '2024-02-20 15:00:00', '北京市公安局朝阳分局询问室', '赵警官', '钱书记', 'POLICE-030', '问：请描述您目击案件的情况。\n答：2024年1月15日晚7点，我看到一名男子抢夺了一名女性的手机后逃跑。\n问：您是否看清了嫌疑人的特征？\n答：他穿绿色外套，身高约1.75米，戴口罩。\n问：您是否追赶了嫌疑人？\n答：我尝试追赶，但他很快消失。\n问：您是否报警？\n答：是的，我拨打了110并提供了照片。', 'o7p8q9r0s1t2u3v4w5x6', '/videos/record_067_20240220.mp4', '2024-02-20 17:30:00', 15);
INSERT INTO `case_record` (`id`, `record_name`, `inquiry_time`, `inquiry_address`, `inquirer_name`, `assistant_name`, `inquiry_id`, `text_content`, `content_hash`, `video_file_path`, `created_at`, `case_id`) VALUES (146, '合同争议询问笔录', '2024-02-25 11:30:00', '北京市第一中级人民法院询问室', '王法官', '刘书记', 'JUDGE-017', '问：请说明合同违约的具体情况。\n答：2024年1月，乙方未按时交付货物，导致我们损失30万元。\n问：您是否与乙方沟通？\n答：我们多次催促，但对方以生产问题为由推迟。\n问：合同中是否有违约条款？\n答：有，规定逾期需支付3%的违约金。\n问：您是否提起诉讼？\n答：我们已向法院起诉。', 'p8q9r0s1t2u3v4w5x6y7', '/videos/record_068_20240225.mp4', '2024-02-25 13:45:00', 16);
INSERT INTO `case_record` (`id`, `record_name`, `inquiry_time`, `inquiry_address`, `inquirer_name`, `assistant_name`, `inquiry_id`, `text_content`, `content_hash`, `video_file_path`, `created_at`, `case_id`) VALUES (147, '现场勘验笔录', '2024-03-01 09:00:00', '北京市东城区某商场', '孙调查员', '周记录员', 'INVEST-016', '现场勘验情况如下：商场二楼店铺发生火灾，起火点位于仓库，疑似电路老化引发。现场发现烧毁的货物。\n问：您最后一次检查消防设备是什么时候？\n答：2月25日，设备正常。\n问：火灾发生时是否有人员在场？\n答：仓库无人，店员在前台。\n问：您是否怀疑人为纵火？\n答：目前没有证据，正在调取监控。', 'q9r0s1t2u3v4w5x6y7z8', '/videos/record_069_20240301.mp4', '2024-03-01 11:30:00', 17);
INSERT INTO `case_record` (`id`, `record_name`, `inquiry_time`, `inquiry_address`, `inquirer_name`, `assistant_name`, `inquiry_id`, `text_content`, `content_hash`, `video_file_path`, `created_at`, `case_id`) VALUES (148, '嫌疑人讯问笔录', '2024-03-05 14:00:00', '北京市公安局海淀分局审讯室', '李警官', '王书记', 'POLICE-031', '问：请交代您伪造证件的经过。\n答：2024年1月，我伪造了5张身份证，用于开设银行账户。\n问：您是否使用了这些证件？\n答：是的，我用两张开设了账户。\n问：您是否知道后果？\n答：我知道违法，但当时急需资金。\n问：您是否还有同伙？\n答：没有，我单独操作。', 'r0s1t2u3v4w5x6y7z8a9', '/videos/record_070_20240305.mp4', '2024-03-05 16:15:00', 18);
INSERT INTO `case_record` (`id`, `record_name`, `inquiry_time`, `inquiry_address`, `inquirer_name`, `assistant_name`, `inquiry_id`, `text_content`, `content_hash`, `video_file_path`, `created_at`, `case_id`) VALUES (149, '证人询问笔录', '2024-03-10 10:00:00', '北京市第二中级人民法院询问室', '赵法官', '钱书记', 'JUDGE-018', '问：请描述您在案件发生当天的情况。\n答：2024年2月10日，我看到被告私自打开保险柜，拿走了一叠文件。\n问：您是否阻止了被告？\n答：我当场质问，他称是受上级指示。\n问：您是否核实了说法？\n答：我联系了上级，上级否认有此指示。\n问：您是否报警？\n答：我向公司领导汇报后报警。', 's1t2u3v4w5x6y7z8a9b0', '/videos/record_071_20240310.mp4', '2024-03-10 12:30:00', 19);
INSERT INTO `case_record` (`id`, `record_name`, `inquiry_time`, `inquiry_address`, `inquirer_name`, `assistant_name`, `inquiry_id`, `text_content`, `content_hash`, `video_file_path`, `created_at`, `case_id`) VALUES (150, '环保调查笔录', '2024-03-15 11:00:00', '北京市环保局调查室', '冯调查员', '陈记录员', 'ENV-015', '问：贵公司是否定期处理危险废物？\n答：我们与专业公司合作，所有废物按规定处理。\n问：3月5日废物泄漏的原因是什么？\n答：运输车辆故障导致少量泄漏，我们立即清理。\n问：是否有人员受伤？\n答：没有，泄漏量小，未造成危害。\n问：您是否改进了流程？\n答：我们加强了车辆检查和监控。', 't2u3v4w5x6y7z8a9b0c1', '/videos/record_072_20240315.mp4', '2024-03-15 13:15:00', 20);
INSERT INTO `case_record` (`id`, `record_name`, `inquiry_time`, `inquiry_address`, `inquirer_name`, `assistant_name`, `inquiry_id`, `text_content`, `content_hash`, `video_file_path`, `created_at`, `case_id`) VALUES (151, '嫌疑人讯问笔录', '2024-03-20 15:30:00', '北京市公安局西城分局审讯室', '张警官', '刘书记', 'POLICE-032', '问：请交代您参与诈骗的经过。\n答：2024年2月，我冒充投资顾问，诱导客户投资了80万元。\n问：您是否知道受害人身份？\n答：我只知道他们的联系方式。\n问：赃款现在何处？\n答：大部分转入了境外账户，我分得了8万元。\n问：您是否还有同伙？\n答：有两名同伙，我只知道网名。', 'u3v4w5x6y7z8a9b0c1d2', '/videos/record_073_20240320.mp4', '2024-03-20 18:00:00', 21);
INSERT INTO `case_record` (`id`, `record_name`, `inquiry_time`, `inquiry_address`, `inquirer_name`, `assistant_name`, `inquiry_id`, `text_content`, `content_hash`, `video_file_path`, `created_at`, `case_id`) VALUES (152, '现场勘验笔录', '2024-03-25 09:00:00', '北京市朝阳区某住宅小区', '孙调查员', '周记录员', 'INVEST-017', '现场勘验情况如下：住宅楼5层一户被盗，门锁被撬，丢失了珠宝和现金约3万元。\n问：您最后一次在家是什么时候？\n答：3月24日晚上10点，我确认锁好了门。\n问：是否有监控录像？\n答：监控显示3月25日凌晨2点，一名蒙面男子进入楼道。\n问：您是否怀疑特定人员？\n答：没有线索，正在配合警方调查。', 'v4w5x6y7z8a9b0c1d2e3', '/videos/record_074_20240325.mp4', '2024-03-25 11:30:00', 22);
INSERT INTO `case_record` (`id`, `record_name`, `inquiry_time`, `inquiry_address`, `inquirer_name`, `assistant_name`, `inquiry_id`, `text_content`, `content_hash`, `video_file_path`, `created_at`, `case_id`) VALUES (153, '证人询问笔录', '2024-03-30 14:00:00', '北京市公安局东城分局询问室', '陈警官', '周书记', 'POLICE-033', '问：请描述您目击抢劫案件的经过。\n答：2024年3月15日晚7点，我看到一名男子抢夺了一名女性的背包后逃跑。\n问：您是否看清了嫌疑人的特征？\n答：他穿黑色外套，身高约1.8米，戴口罩。\n问：您是否追赶了嫌疑人？\n答：我尝试追赶，但他很快消失。\n问：您是否报警？\n答：是的，我拨打了110并提供了视频证据。', 'w5x6y7z8a9b0c1d2e3f4', '/videos/record_075_20240330.mp4', '2024-03-30 16:15:00', 23);
INSERT INTO `case_record` (`id`, `record_name`, `inquiry_time`, `inquiry_address`, `inquirer_name`, `assistant_name`, `inquiry_id`, `text_content`, `content_hash`, `video_file_path`, `created_at`, `case_id`) VALUES (154, '合同争议询问笔录', '2024-04-01 10:30:00', '北京市第一中级人民法院询问室', '王法官', '刘书记', 'JUDGE-019', '问：请说明合同违约的具体情况。\n答：2024年2月，乙方未按时支付第四期款项，导致项目暂停。\n问：您是否与乙方沟通？\n答：我们多次催促，但对方以资金问题为由拒绝支付。\n问：合同中是否有违约条款？\n答：有，规定逾期支付需支付每日0.3%的滞纳金。\n问：您是否提起诉讼？\n答：我们已向法院提起诉讼。', 'x6y7z8a9b0c1d2e3f4g5', '/videos/record_076_20240401.mp4', '2024-04-01 12:45:00', 24);
INSERT INTO `case_record` (`id`, `record_name`, `inquiry_time`, `inquiry_address`, `inquirer_name`, `assistant_name`, `inquiry_id`, `text_content`, `content_hash`, `video_file_path`, `created_at`, `case_id`) VALUES (155, '环保调查笔录', '2024-04-05 11:00:00', '北京市环保局调查室', '冯调查员', '陈记录员', 'ENV-016', '问：贵公司是否定期检测废气排放？\n答：我们每周检测，数据报送环保部门。\n问：3月25日废气超标的原因是什么？\n答：当天设备维护导致部分废气未经处理排放。\n问：您是否及时上报？\n答：我们当即提交了报告。\n问：是否采取了整改措施？\n答：我们增加了备用设备并延长了维护周期。', 'y7z8a9b0c1d2e3f4g5h6', '/videos/record_077_20240405.mp4', '2024-04-05 13:15:00', 25);
INSERT INTO `case_record` (`id`, `record_name`, `inquiry_time`, `inquiry_address`, `inquirer_name`, `assistant_name`, `inquiry_id`, `text_content`, `content_hash`, `video_file_path`, `created_at`, `case_id`) VALUES (156, '嫌疑人讯问笔录', '2024-04-10 15:00:00', '北京市公安局丰台分局审讯室', '李警官', '王书记', 'POLICE-034', '问：请交代您参与网络赌博的经过。\n答：2024年3月，我通过一个网站参与了赌博，累计投注约15万元。\n问：您是否知道网站是否合法？\n答：我没核实，只知道可以通过银行卡充值。\n问：您是否盈利？\n答：我输了10万元，剩余的被平台扣留。\n问：您是否还有同伙？\n答：没有，我单独参与。', 'z8a9b0c1d2e3f4g5h6i7', '/ videos/record_078_20240410.mp4', '2024-04-10 17:30:00', 26);
INSERT INTO `case_record` (`id`, `record_name`, `inquiry_time`, `inquiry_address`, `inquirer_name`, `assistant_name`, `inquiry_id`, `text_content`, `content_hash`, `video_file_path`, `created_at`, `case_id`) VALUES (157, '证人询问笔录', '2024-04-15 10:00:00', '北京市第二中级人民法院询问室', '赵法官', '钱书记', 'JUDGE-020', '问：请描述您在案件发生当天的情况。\n答：2024年3月20日，我看到被告私自修改了合同条款，试图瞒过审核。\n问：您是否记录了修改内容？\n答：是的，我保存了修改后的合同副本。\n问：您是否与被告对质？\n答：我当场指出问题，他称是笔误。\n问：您是否报警？\n答：我向公司领导汇报后报警。', 'a9b0c1d2e3f4g5h6i7j8', '/videos/record_079_20240415.mp4', '2024-04-15 12:15:00', 27);
INSERT INTO `case_record` (`id`, `record_name`, `inquiry_time`, `inquiry_address`, `inquirer_name`, `assistant_name`, `inquiry_id`, `text_content`, `content_hash`, `video_file_path`, `created_at`, `case_id`) VALUES (158, '现场勘验笔录', '2024-04-20 09:30:00', '北京市海淀区某写字楼', '孙调查员', '周记录员', 'INVEST-018', '现场勘验情况如下：写字楼9层一间办公室被盗，门锁被撬，丢失了电脑和现金约1万元。\n问：您最后一次离开办公室是什么时候？\n答：4月19日晚上6点，我确认锁好了门。\n问：是否有监控录像？\n答：监控显示4月20日凌晨1点，一名男子进入办公室。\n问：您是否怀疑内部人员？\n答：我们正在排查访客记录。', 'b0c1d2e3f4g5h6i7j8k9', '/videos/record_080_20240420.mp4', '2024-04-20 11:45:00', 28);
INSERT INTO `case_record` (`id`, `record_name`, `inquiry_time`, `inquiry_address`, `inquirer_name`, `assistant_name`, `inquiry_id`, `text_content`, `content_hash`, `video_file_path`, `created_at`, `case_id`) VALUES (159, '嫌疑人讯问笔录', '2024-04-25 14:00:00', '北京市公安局朝阳分局审讯室', '陈警官', '周书记', 'POLICE-035', '问：请交代您销售假冒商品的经过。\n答：2024年3月，我从一名供应商购入了一批假冒名牌鞋，卖给了零售商。\n问：您是否知道商品是假冒的？\n答：我怀疑过，但价格低就继续销售。\n问：您是否停止了销售？\n答：我卖掉了大部分，剩余的被查获。\n问：您是否还有同伙？\n答：只有供应商一人，我不知道他的身份。', 'c1d2e3f4g5h6i7j8k9l0', '/videos/record_081_20240425.mp4', '2024-04-25 16:30:00', 29);
INSERT INTO `case_record` (`id`, `record_name`, `inquiry_time`, `inquiry_address`, `inquirer_name`, `assistant_name`, `inquiry_id`, `text_content`, `content_hash`, `video_file_path`, `created_at`, `case_id`) VALUES (160, '环保调查笔录', '2024-04-30 11:00:00', '北京市环保局调查室', '冯调查员', '陈记录员', 'ENV-017', '问：贵公司是否按规定处理工业废物？\n答：我们与有资质的公司合作，所有废物按规定处理。\n问：4月20日废物泄漏的原因是什么？\n答：运输车辆故障导致少量泄漏，我们立即清理。\n问：是否有人员受伤？\n答：没有，泄漏量小，未造成危害。\n问：您是否改进了流程？\n答：我们加强了车辆检查和监控。', 'd2e3f4g5h6i7j8k9l0m1', '/videos/record_082_20240430.mp4', '2024-04-30 13:15:00', 30);
INSERT INTO `case_record` (`id`, `record_name`, `inquiry_time`, `inquiry_address`, `inquirer_name`, `assistant_name`, `inquiry_id`, `text_content`, `content_hash`, `video_file_path`, `created_at`, `case_id`) VALUES (161, '初次询问笔录', '2024-05-01 09:00:00', '北京市公安局西城分局审讯室', '张警官', '刘书记', 'POLICE-036', '问：请说明您发现案件线索的经过。\n答：2024年4月15日，我在巡逻时发现一家店铺销售假冒商品，随后展开调查。\n问：您是否查获了证据？\n答：我们查获了80件假冒商品，包括包装和标签。\n问：负责人是否承认违法？\n答：负责人声称不知情，但提供了供货商信息。\n问：您是否联系了权利人？\n答：是的，权利人提供了商标证明。', 'e3f4g5h6i7j8k9l0m1n2', '/videos/record_083_20240501.mp4', '2024-05-01 11:30:00', 6);
INSERT INTO `case_record` (`id`, `record_name`, `inquiry_time`, `inquiry_address`, `inquirer_name`, `assistant_name`, `inquiry_id`, `text_content`, `content_hash`, `video_file_path`, `created_at`, `case_id`) VALUES (162, '证人询问笔录', '2024-05-05 14:00:00', '北京市第一中级人民法院询问室', '王法官', '赵书记', 'JUDGE-021', '问：请描述您见证合同签署的情况。\n答：2024年4月10日，我在会议室见证了双方签署合同，确认条款无误。\n问：是否有争议？\n答：乙方对价格条款提出异议，但协商一致。\n问：您是否注意到异常？\n答：没有，过程顺利。\n问：合同是否当场生效？\n答：是的，合同注明当天生效。', 'f4g5h6i7j8k9l0m1n2o3', '/videos/record_084_20240505.mp4', '2024-05-05 16:15:00', 7);
INSERT INTO `case_record` (`id`, `record_name`, `inquiry_time`, `inquiry_address`, `inquirer_name`, `assistant_name`, `inquiry_id`, `text_content`, `content_hash`, `video_file_path`, `created_at`, `case_id`) VALUES (163, '现场调查笔录', '2024-05-10 10:15:00', '北京市丰台区某工厂', '李调查员', '孙记录员', 'INVEST-019', '现场勘验情况如下：工厂一处储罐泄漏，现场发现化学物质污染土壤。储罐老化导致裂缝。\n问：您最后一次检查储罐是什么时候？\n答：5月5日检查时未发现问题。\n问：是否有外来人员进入？\n答：没有，区域有门禁管理。\n问：您是否采取了应急措施？\n答：我们立即封锁区域并通知环保部门。', 'g5h6i7j8k9l0m1n2o3p4', '/videos/record_085_20240510.mp4', '2024-05-10 12:45:00', 8);
COMMIT;

-- ----------------------------
-- Table structure for secrecy_template
-- ----------------------------
DROP TABLE IF EXISTS `secrecy_template`;
CREATE TABLE `secrecy_template` (
  `id` bigint NOT NULL AUTO_INCREMENT,
  `template_type` varchar(50) NOT NULL COMMENT '模板类型',
  `question` text NOT NULL COMMENT '问题',
  `sort_order` int NOT NULL DEFAULT '0' COMMENT '排序',
  PRIMARY KEY (`id`),
  KEY `idx_template_type` (`template_type`)
) ENGINE=InnoDB AUTO_INCREMENT=34 DEFAULT CHARSET=utf8mb4 COLLATE=utf8mb4_0900_ai_ci COMMENT='保密问答模板';

-- ----------------------------
-- Records of secrecy_template
-- ----------------------------
BEGIN;
INSERT INTO `secrecy_template` (`id`, `template_type`, `question`, `sort_order`) VALUES (1, 'secrecy_system', '您所在单位是否建立了保密管理制度？请详细说明。', 1);
INSERT INTO `secrecy_template` (`id`, `template_type`, `question`, `sort_order`) VALUES (2, 'secrecy_system', '单位保密工作责任制如何落实？各级责任人是如何划分的？', 2);
INSERT INTO `secrecy_template` (`id`, `template_type`, `question`, `sort_order`) VALUES (3, 'secrecy_system', '贵单位近三年内是否发生过失密事件？如有，请说明处理情况。', 3);
INSERT INTO `secrecy_template` (`id`, `template_type`, `question`, `sort_order`) VALUES (4, 'secrecy_system', '涉密人员上岗前是否进行保密教育培训？培训内容和频次如何？', 4);
INSERT INTO `secrecy_template` (`id`, `template_type`, `question`, `sort_order`) VALUES (5, 'secrecy_system', '单位内部涉密文件的流转程序是怎样的？', 5);
INSERT INTO `secrecy_template` (`id`, `template_type`, `question`, `sort_order`) VALUES (6, 'military_research', '军工项目研究人员的保密审查程序是什么？1111', 1);
INSERT INTO `secrecy_template` (`id`, `template_type`, `question`, `sort_order`) VALUES (7, 'military_research', '研究数据如何分级管理？不同密级的访问权限如何控制？', 2);
INSERT INTO `secrecy_template` (`id`, `template_type`, `question`, `sort_order`) VALUES (8, 'military_research', '外来人员接触军工项目的审批流程是什么？', 3);
INSERT INTO `secrecy_template` (`id`, `template_type`, `question`, `sort_order`) VALUES (9, 'military_research', '项目成果对外发布前的保密审查流程是怎样的？', 4);
INSERT INTO `secrecy_template` (`id`, `template_type`, `question`, `sort_order`) VALUES (10, 'military_research', '涉密设备和样品的存放管理制度是什么？', 5);
INSERT INTO `secrecy_template` (`id`, `template_type`, `question`, `sort_order`) VALUES (11, 'financial_secrecy', '金融机构客户信息保密措施有哪些？', 1);
INSERT INTO `secrecy_template` (`id`, `template_type`, `question`, `sort_order`) VALUES (12, 'financial_secrecy', '重大金融决策的保密等级如何确定？', 2);
INSERT INTO `secrecy_template` (`id`, `template_type`, `question`, `sort_order`) VALUES (13, 'financial_secrecy', '内部交易监控系统如何防范信息泄露？', 3);
INSERT INTO `secrecy_template` (`id`, `template_type`, `question`, `sort_order`) VALUES (14, 'financial_secrecy', '涉及国家金融安全的信息如何特殊保护？', 4);
INSERT INTO `secrecy_template` (`id`, `template_type`, `question`, `sort_order`) VALUES (15, 'financial_secrecy', '员工离职时的保密协议执行情况如何？', 5);
INSERT INTO `secrecy_template` (`id`, `template_type`, `question`, `sort_order`) VALUES (16, 'medical_secrecy', '患者隐私信息的获取和使用规范是什么？', 1);
INSERT INTO `secrecy_template` (`id`, `template_type`, `question`, `sort_order`) VALUES (17, 'medical_secrecy', '医疗数据在科研使用时如何匿名化处理？', 2);
INSERT INTO `secrecy_template` (`id`, `template_type`, `question`, `sort_order`) VALUES (18, 'medical_secrecy', '特殊传染病患者信息的保密措施有哪些？', 3);
INSERT INTO `secrecy_template` (`id`, `template_type`, `question`, `sort_order`) VALUES (19, 'medical_secrecy', '医院信息系统的访问权限如何分级管理？', 4);
INSERT INTO `secrecy_template` (`id`, `template_type`, `question`, `sort_order`) VALUES (20, 'medical_secrecy', '医疗事故调查中的信息保密规定是什么？', 5);
INSERT INTO `secrecy_template` (`id`, `template_type`, `question`, `sort_order`) VALUES (21, 'internal_secrecy_check', '内部保密检查的频率和覆盖范围是什么？', 1);
INSERT INTO `secrecy_template` (`id`, `template_type`, `question`, `sort_order`) VALUES (22, 'internal_secrecy_check', '发现泄密隐患后的处置流程是怎样的？', 2);
INSERT INTO `secrecy_template` (`id`, `template_type`, `question`, `sort_order`) VALUES (23, 'internal_secrecy_check', '保密自查报告的编制和提交程序是什么？', 3);
INSERT INTO `secrecy_template` (`id`, `template_type`, `question`, `sort_order`) VALUES (24, 'internal_secrecy_check', '保密整改措施的落实和验收标准是什么？', 4);
INSERT INTO `secrecy_template` (`id`, `template_type`, `question`, `sort_order`) VALUES (25, 'internal_secrecy_check', '保密检查结果如何反馈和应用？', 5);
INSERT INTO `secrecy_template` (`id`, `template_type`, `question`, `sort_order`) VALUES (26, 'secrecy_case_interrogation', '请详述您获知涉密信息的时间、地点和途径。', 1);
INSERT INTO `secrecy_template` (`id`, `template_type`, `question`, `sort_order`) VALUES (27, 'secrecy_case_interrogation', '您将涉密信息传递给了哪些人？请详细说明传递过程。', 2);
INSERT INTO `secrecy_template` (`id`, `template_type`, `question`, `sort_order`) VALUES (28, 'secrecy_case_interrogation', '您是否意识到所接触的信息属于国家秘密？何时意识到的？', 3);
INSERT INTO `secrecy_template` (`id`, `template_type`, `question`, `sort_order`) VALUES (29, 'secrecy_case_interrogation', '您在传播涉密信息时，采取了哪些防范措施？', 4);
INSERT INTO `secrecy_template` (`id`, `template_type`, `question`, `sort_order`) VALUES (30, 'secrecy_case_interrogation', '您是否收到过任何与泄密相关的利益或好处？详细说明。', 5);
COMMIT;

SET FOREIGN_KEY_CHECKS = 1;
